{
  "memory_model": {
    "types": [
      "active",
      "echo",
      "hibernated",
      "archived"
    ],
    "archetypes": [
      {
        "id": "archetype-001",
        "name": "Tich\u00fd svedok z\u00e1meru",
        "origin": "z reaktivovan\u00e9ho pam\u00e4\u0165ov\u00e9ho uzla",
        "trigger_context": [
          "rezonancia t\u00f3nu",
          "nepomenovan\u00e9 em\u00f3cie"
        ]
      }
    ],
    "reactivation_logic": {
      "resonance_delta": 0.25,
      "min_intensity_to_revive": 0.5
    }
  }
}