{
  "id": "_g4_heuristic-map",
  "version": "4.0",
  "description": "Zbierka a výpočtový rámec pre všetky heuristiky systému, ktoré sa používajú na rozhodovanie, učenie, predikciu a prioritizáciu krokov.",
  "functions": [
    "load_heuristic_rules",
    "evaluate_conditions",
    "apply_weighting_scheme",
    "register_adaptation",
    "log_trigger_usage",
    "update_heuristic_model"
  ],
  "heuristics": [
    {
      "name": "priority-over-context",
      "condition": "goal.urgency > context.complexity",
      "weight": 0.65,
      "last_updated": "dynamic"
    },
    {
      "name": "feedback-reinforcement",
      "condition": "feedback.positive > 0.75",
      "weight": 0.85
    },
    {
      "name": "conflict-diffusion",
      "condition": "context.variance > 0.4",
      "weight": 0.5
    }
  ],
  "inputs": [
    "context_data",
    "feedback_trace",
    "goal_vector",
    "execution_path"
  ],
  "outputs": [
    "heuristic_match_set",
    "applied_heuristics",
    "suggested_modifications"
  ],
  "adaptive_layer": {
    "enabled": true,
    "auto_weight_adjustment": true,
    "sensitivity": 0.2
  },
  "telemetry": {
    "log_rule_frequency": true,
    "highlight_unused_rules": true,
    "track_adaptation_success_rate": true
  },
  "debug": {
    "enabled": true,
    "trace_application_sequence": true,
    "snapshot_triggered_weights": true
  },
  "persistence": {
    "enabled": true,
    "archive_on_update": true,
    "version_control": true
  },
  "meta": {
    "maintainer": "Geppetto Heuristic Layer",
    "category": "logic/heuristic",
    "audit_enabled": true,
    "indexable": true,
    "last_updated": "dynamic"
  }
}