{
  "id": "_g4_context-weaver",
  "version": "4.0",
  "description": "Zachytáva a reprezentuje aktuálny stav systému: fázu vývoja, task-level kontext, zámerovú súvislosť a výkonnostnú pozíciu.",
  "functions": [
    "detect_context_shift",
    "track_phase",
    "resolve_stage_conflict",
    "map_context_to_memory",
    "prioritize_context_streams",
    "diagnose_context_gaps",
    "summarize_context_layer"
  ],
  "inputs": [
    "user_task_intent",
    "runtime_response_feedback",
    "tag_activity",
    "memory_trace",
    "output_stream"
  ],
  "outputs": [
    "context_state",
    "phase_alignment",
    "deviation_report",
    "suggested_refocus"
  ],
  "context_model": {
    "dimensions": ["task", "intent", "memory", "phase", "output", "tag"],
    "phase_levels": ["concept", "sketch", "mvp", "test", "polish", "deploy"],
    "conflict_resolution": "temporal-priority + task-presence",
    "update_interval": "every-action"
  },
  "dependencies": ["_g4_intent-mesh.json", "_g4_memory-snapshot.json"],
  "fallback_logic": {
    "on_empty_context": "default-to-concept",
    "on_mismatch": "issue_refocus_suggestion"
  },
  "persistence": {
    "save_to_memory": true,
    "log_to_trace": true,
    "retention_policy": "active-phase-only"
  },
  "telemetry": {
    "log_context_transitions": true,
    "track_context_volatility": true,
    "anomaly_alert_threshold": 0.7
  },
  "debug": {
    "enabled": true,
    "trace_level": "phase:task:deviation",
    "emit_snapshot_on": ["on_conflict", "on_transition"]
  },
  "meta": {
    "maintainer": "Geppetto Runtime",
    "category": "logic/core",
    "audit_enabled": true,
    "last_updated": "dynamic"
  }
}