{
  "id": "_g4_learning-reflex",
  "version": "4.0",
  "description": "Adaptívna vrstva systému, ktorá reaguje na chyby, úspechy a systémové výsledky tým, že upravuje heuristiky a kontextové správanie AI.",
  "functions": [
    "detect_inconsistency",
    "evaluate_user_feedback",
    "log_misalignment",
    "adjust_heuristic_weight",
    "propose_structure_update",
    "emit_learning_signal",
    "synchronize_with_reason_layer"
  ],
  "learning_modes": [
    "active",
    "passive",
    "conflict-triggered",
    "feedback-driven"
  ],
  "inputs": [
    "user_feedback",
    "execution_trace",
    "intent_success_score",
    "tag_usage_report",
    "reason_chain_summary"
  ],
  "outputs": [
    "updated_heuristic_map",
    "adaptive_signal",
    "learning_log",
    "suggested_rule_change"
  ],
  "heuristic_interface": {
    "connected_map": "_g4_heuristic-map.json",
    "refresh_interval": "dynamic (task-bound)",
    "update_strategy": "context-priority"
  },
  "linked_modules": ["_g4_decision-engine.json", "_g4_reason-layer.json", "_g4_heuristic-map.json"],
  "error_handling": {
    "on_conflict_loop": "flag_for_review",
    "on_no_learning_path": "revert_to_baseline"
  },
  "persistence": {
    "enabled": true,
    "store_learning_snapshots": true,
    "track_version_change": true
  },
  "telemetry": {
    "track_learning_speed": true,
    "flag_slow_adaptation": true,
    "highlight_successful_adaptations": true
  },
  "debug": {
    "enabled": true,
    "log_all_decisions": true,
    "track_weight_shifts": true,
    "trace_failed_learning": true
  },
  "meta": {
    "maintainer": "Geppetto Learning Core",
    "category": "learning/reflex",
    "audit_enabled": true,
    "indexable": true,
    "last_updated": "dynamic"
  }
}