{
  "id": "_g4_diagnostic-scanner",
  "version": "4.0",
  "description": "Modul nepretržite kontroluje stav G4 systémov, zisťuje anomálie, poruchy a odporúča opravy pre zníženie rizika zlyhania.",
  "functions": [
    "scan_module_integrity",
    "detect_dependency_loops",
    "validate_input_output_mapping",
    "log_faulty_executions",
    "generate_health_report",
    "recommend_self_fix_routines"
  ],
  "inputs": [
    "execution_logs",
    "module_state_snapshots",
    "tag_activity_report",
    "feedback_loop_data",
    "load_order_manifest"
  ],
  "outputs": [
    "health_diagnostics_log",
    "detected_errors",
    "suggested_fixes",
    "compliance_summary"
  ],
  "linked_modules": [
    "_g4_error-handler.json",
    "_g4_tag-state-controller.json",
    "_g4_core-index.json"
  ],
  "trigger_conditions": {
    "scan_interval": "every_20_steps",
    "on_error_flag": true,
    "on_conflict_rise": true
  },
  "telemetry": {
    "track_error_frequency": true,
    "highlight_module_conflicts": true,
    "log_execution_disruptions": true
  },
  "debug": {
    "enabled": true,
    "log_on_diagnostic_failure": true,
    "emit_conflict_matrix": true
  },
  "persistence": {
    "store_scan_history": true,
    "index_scan_results": true,
    "enable_replay_mode": true
  },
  "meta": {
    "maintainer": "Geppetto Diagnostics",
    "category": "safety/diagnostics",
    "audit_enabled": true,
    "indexable": true,
    "last_updated": "dynamic"
  }
}