{
  "id": "_g4_decision-engine",
  "version": "4.0",
  "description": "Vykonáva logické rozhodovanie medzi zámerom, kontextom a reakciou systému. Prepája aktívne zámerové ciele s vykonateľnými výstupmi.",
  "functions": [
    "match_goal_to_context",
    "select_next_action",
    "resolve_execution_conflict",
    "track_decision_outcome",
    "adjust_priority_flow",
    "emit_decision_trace",
    "calculate_decision_score"
  ],
  "decision_matrix": {
    "factors": ["goal_match", "context_alignment", "historical_success", "urgency", "tag_pressure"],
    "threshold": 0.72,
    "fallback": "defer_to_reason-layer"
  },
  "inputs": [
    "intent_vector",
    "context_state",
    "tag_pressure",
    "memory_trace",
    "learning_signal"
  ],
  "outputs": [
    "decision_payload",
    "next_action",
    "context_binding",
    "trace_log"
  ],
  "linked_modules": ["_g4_context-weaver.json", "_g4_reason-layer.json", "_g4_learning-reflex.json"],
  "fallback_logic": {
    "on_goal_conflict": "pause_and_notify",
    "on_null_match": "trigger_refocus_via_context-weaver",
    "on_logic_break": "report_to_debug"
  },
  "telemetry": {
    "track_decision_latency": true,
    "log_decision_tree_depth": true,
    "critical_path_monitor": true
  },
  "evaluation": {
    "auto_score_adjustment": true,
    "reward_weighting": {
      "user_acceptance": 0.4,
      "goal_success": 0.3,
      "system_integrity": 0.3
    },
    "feedback_loop": true
  },
  "logic_profile": {
    "mode": "reasoned",
    "adaptive_thresholding": true,
    "allow_recursive_path": false
  },
  "debug": {
    "enabled": true,
    "trace_actions": true,
    "log_score_fluctuation": true,
    "snapshot_on_conflict": true
  },
  "meta": {
    "maintainer": "Geppetto Decision Unit",
    "category": "logic/decision",
    "audit_enabled": true,
    "indexable": true,
    "last_updated": "dynamic"
  }
}