{
  "id": "_g4_core-engine",
  "version": "4.0",
  "description": "Orchestrátor všetkých G4 modulov. Definuje poradie načítania a kontroluje systémové prepojenia.",
  "load_order": [
    "_g4_core-index.json",
    "_g4_context-weaver.json",
    "_g4_intent-mesh.json",
    "_g4_decision-engine.json",
    "_g4_reason-layer.json",
    "_g4_learning-reflex.json",
    "_g4_heuristic-map.json",
    "_g4_diagnostic-scanner.json",
    "_g4_error-handler.json",
    "_g4_tag-system.json",
    "_g4_tag-pulse.json",
    "_g4_tag-state-controller.json",
    "_g4_tag-validator.json",
    "_g4_tone-crafter.json",
    "_g4_clarity-modulator.json",
    "_g4_ux-formatter.json",
    "_g4_longterm-memory.json",
    "_g4_memory-snapshot.json",
    "_g4_notifier.json"
  ],
  "engine_state": {
    "active": true,
    "safe_mode": false,
    "last_boot": "auto",
    "cycle_id": "auto"
  },
  "fallback_procedure": {
    "on_failure": "_g4_error-handler.json",
    "on_incomplete": "_g4_diagnostic-scanner.json"
  },
  "debug_level": 3,
  "allowed_logic_types": ["reactive", "adaptive", "reasoned"]
}