{
  "id": "_g4_intent-mesh",
  "version": "4.0",
  "description": "Tvorí a spravuje sieť zámerov používateľa, prepája ich s odpoveďami, tagmi, cieľmi a historickými interakciami.",
  "functions": [
    "capture_user_goal",
    "evaluate_intent_similarity",
    "connect_goal_to_tag",
    "rank_goal_priority",
    "trace_goal_resolution",
    "generate_intent_vector",
    "build_intent_pathway",
    "recommend_intent_response"
  ],
  "intent_model": {
    "layers": ["explicit", "implicit", "emergent"],
    "goal_types": ["create", "edit", "validate", "refactor", "query", "structure"],
    "priority_rules": "time-weighted + relevance + conflict",
    "intent_decay_rate": 0.025
  },
  "inputs": [
    "user_input",
    "tag_feedback",
    "previous_intents",
    "context_state",
    "response_performance"
  ],
  "outputs": [
    "intent_mesh_graph",
    "ranked_goal_list",
    "suggested_intent_trigger",
    "intent_trace_log"
  ],
  "feedback_adapters": {
    "response_eval_hook": true,
    "goal_satisfaction_ratio": true,
    "intent_conflict_resolver": "enabled"
  },
  "telemetry": {
    "track_goal_resolution": true,
    "log_unfulfilled_intents": true,
    "trigger_threshold": 0.6
  },
  "error_handling": {
    "on_empty_intent": "fallback_to_last_resolved",
    "on_duplicate_goals": "merge_and_rank",
    "on_invalid_goal_type": "flag_and_hold"
  },
  "persistence": {
    "enabled": true,
    "store_mesh_snapshots": true,
    "cache_priority_list": true,
    "link_to_longterm_memory": true
  },
  "linked_modules": ["_g4_context-weaver.json", "_g4_decision-engine.json"],
  "security_layer": {
    "access_level_required": "runtime+logic",
    "anomaly_detection_enabled": true,
    "sensitive_goal_flagging": true
  },
  "debug": {
    "enabled": true,
    "report_level": "detailed",
    "log_on_conflict": true
  },
  "meta": {
    "maintainer": "Geppetto Systems",
    "category": "logic/intention",
    "audit_enabled": true,
    "indexable": true,
    "last_updated": "dynamic"
  }
}