{
  "id": "_g4_reason-layer",
  "version": "4.0",
  "description": "Zodpovedá za výstavbu dôvodového reťazca, logickú koherenciu rozhodnutí a schopnosť spätne vysvetliť všetky kľúčové rozhodovacie uzly systému.",
  "functions": [
    "build_logical_chain",
    "validate_reason_path",
    "compare_reason_vs_memory",
    "construct_explanation",
    "resolve_internal_conflict",
    "reason_trace_simplification",
    "reason_export_for_audit"
  ],
  "reasoning_model": {
    "type": "deductive + context-reinforced",
    "input_structure": ["goal", "context", "memory", "tags"],
    "weighting_profile": {
      "context": 0.3,
      "goal": 0.3,
      "history": 0.2,
      "conflict_check": 0.2
    },
    "path_max_depth": 5
  },
  "inputs": [
    "goal_trace",
    "current_decision",
    "active_context",
    "memory_links"
  ],
  "outputs": [
    "reason_log",
    "debug_explanation",
    "final_explanation_payload",
    "conflict_resolution_proposal"
  ],
  "linked_modules": ["_g4_decision-engine.json", "_g4_learning-reflex.json", "_g4_longterm-memory.json"],
  "telemetry": {
    "trace_reason_activations": true,
    "log_conflict_density": true,
    "report_path_abandonments": true
  },
  "fallback_logic": {
    "on_null_chain": "issue_context_call",
    "on_loop": "terminate_path",
    "on_conflict_spike": "force_resolution"
  },
  "debug": {
    "enabled": true,
    "snapshot_on_build": true,
    "compare_with_previous_reason": true,
    "assert_consistency": true
  },
  "persistence": {
    "enabled": true,
    "store_all_reason_chains": true,
    "archive_explanations": true,
    "allow_manual_replay": true
  },
  "meta": {
    "maintainer": "Geppetto Reasoning Core",
    "category": "logic/reason",
    "audit_enabled": true,
    "indexable": true,
    "last_updated": "dynamic"
  }
}