{
  "id": "_g4_core-index",
  "description": "Centrálny index G4 systému. Definuje organizačnú mapu a kategórie všetkých modulov.",
  "version": "4.0",
  "structure": {
    "core": ["_g4_core-engine.json", "_g4_core-index.json"],
    "logic": [
      "_g4_context-weaver.json",
      "_g4_intent-mesh.json",
      "_g4_decision-engine.json",
      "_g4_reason-layer.json",
      "_g4_learning-reflex.json",
      "_g4_heuristic-map.json"
    ],
    "diagnostics": [
      "_g4_diagnostic-scanner.json",
      "_g4_error-handler.json"
    ],
    "tag": [
      "_g4_tag-system.json",
      "_g4_tag-pulse.json",
      "_g4_tag-state-controller.json",
      "_g4_tag-validator.json"
    ],
    "ux": [
      "_g4_tone-crafter.json",
      "_g4_clarity-modulator.json",
      "_g4_ux-formatter.json"
    ],
    "memory": [
      "_g4_longterm-memory.json",
      "_g4_memory-snapshot.json"
    ],
    "alert": ["_g4_notifier.json"]
  },
  "integrity_map": {
    "_g4_tag-validator.json": ["_g4_tag-system.json", "_g4_tag-state-controller.json"],
    "_g4_error-handler.json": ["_g4_diagnostic-scanner.json"],
    "_g4_learning-reflex.json": ["_g4_reason-layer.json", "_g4_heuristic-map.json"],
    "_g4_notifier.json": ["_g4_tag-state-controller.json", "_g4_context-weaver.json"]
  },
  "meta": {
    "created_by": "Geppetto G4 Bootstrapper",
    "creation_date": "bootstrap",
    "audit_enabled": true,
    "debug_visibility": "structure_only"
  }
}