{
  "id": "_g4_clarity-modulator",
  "version": "4.0",
  "description": "Moduluje hĺbku a rozsah výstupov podľa používateľského profilu, fázy interakcie a komplexity požiadavky.",
  "functions": [
    "detect_user_comprehension",
    "adjust_explanation_depth",
    "simplify_or_expand_content",
    "link_clarity_to_tone",
    "optimize_technical_density",
    "record_clarity_metrics"
  ],
  "clarity_levels": ["basic", "normal", "extended", "expert"],
  "inputs": [
    "user_profile",
    "task_context",
    "intent_weight",
    "response_structure"
  ],
  "outputs": [
    "modulated_response",
    "clarity_score",
    "clarity_log",
    "readability_assessment"
  ],
  "adaptation_rules": {
    "match_phase_with_depth": true,
    "auto_adjust_in_debug": true,
    "prioritize_user_preference": true
  },
  "telemetry": {
    "track_readability": true,
    "log_clarity_drops": true,
    "highlight_mismatch_cases": true
  },
  "linked_modules": ["_g4_tone-crafter.json", "_g4_ux-formatter.json", "_g4_context-weaver.json"],
  "debug": {
    "enabled": true,
    "snapshot_on_clarity_shift": true,
    "compare_with_baseline": true
  },
  "persistence": {
    "log_user_adjustments": true,
    "retain_last_used_level": true,
    "store_readability_feedback": true
  },
  "meta": {
    "maintainer": "Geppetto Clarity Layer",
    "category": "interface/clarity",
    "audit_enabled": true,
    "indexable": true,
    "last_updated": "dynamic"
  }
}