{
  "id": "_g4_error-handler",
  "version": "4.0",
  "description": "Rieši systémové chyby, výpadky a zlyhania počas vykonávania, vrátane fallbackov a alertov.",
  "functions": [
    "catch_runtime_exception",
    "trigger_fallback_path",
    "log_error_event",
    "dispatch_alert_notice",
    "reinitialize_failed_module",
    "defer_to_safe_mode"
  ],
  "inputs": [
    "error_signal",
    "module_status",
    "fallback_config",
    "last_success_state",
    "diagnostic_report"
  ],
  "outputs": [
    "error_log_entry",
    "fallback_execution",
    "critical_alert",
    "recovery_instructions"
  ],
  "fallback_strategies": {
    "recoverable": "restart_module",
    "critical": "switch_to_safe_mode",
    "unknown": "flag_manual_inspection"
  },
  "alert_system": {
    "notify_admin_on_critical": true,
    "tag_affected_module": true,
    "send_ui_feedback": true
  },
  "telemetry": {
    "log_error_frequency": true,
    "track_fallback_success": true,
    "log_alert_dispatch_time": true
  },
  "debug": {
    "enabled": true,
    "trace_on_exception": true,
    "log_safe_mode_triggers": true
  },
  "persistence": {
    "save_on_exit": true,
    "log_full_stack": true,
    "store_error_trace": true
  },
  "meta": {
    "maintainer": "Geppetto Error Manager",
    "category": "safety/error",
    "audit_enabled": true,
    "indexable": true,
    "last_updated": "dynamic"
  }
}