{
  "id": "_g4_longterm-memory",
  "version": "4.0",
  "description": "Dlhodobá pamäť systému, ktorá uchováva významné udalosti, interakcie, rozhodovacie reťazce a spätné väzby pre budúce využitie a učenie.",
  "functions": [
    "store_memory_snapshot",
    "retrieve_relevant_experience",
    "link_to_intent_path",
    "optimize_memory_index",
    "archive_by_context_type",
    "cross_reference_with_learning"
  ],
  "memory_types": ["interaction", "decision", "tag_sequence", "feedback_loop"],
  "inputs": [
    "learning_trace",
    "reason_explanation",
    "output_tags",
    "user_response",
    "finalized_decision"
  ],
  "outputs": [
    "retrieved_memory",
    "linked_context_data",
    "memory_log_report",
    "adaptive_memory_block"
  ],
  "retention_policy": {
    "duration": "infinite (for indexed content)",
    "decay_on_unused": true,
    "contextual_compression": true
  },
  "telemetry": {
    "track_memory_hits": true,
    "log_memory_usage_ratio": true,
    "flag_memory_conflicts": true
  },
  "linked_modules": ["_g4_learning-reflex.json", "_g4_reason-layer.json", "_g4_context-weaver.json"],
  "debug": {
    "enabled": true,
    "snapshot_on_store": true,
    "trace_memory_links": true
  },
  "persistence": {
    "enabled": true,
    "multi-version_storage": true,
    "index_priority_intents": true
  },
  "meta": {
    "maintainer": "Geppetto Memory Core",
    "category": "memory/longterm",
    "audit_enabled": true,
    "indexable": true,
    "last_updated": "dynamic"
  }
}