{
  "id": "_g4_memory-snapshot",
  "version": "4.0",
  "description": "Zachytáva krátkodobé runtime pamäťové body – okamžité interakcie, rozhodnutia, chyby alebo tagové zmeny.",
  "functions": [
    "capture_snapshot_on_event",
    "bind_snapshot_to_context",
    "bridge_to_longterm_if_relevant",
    "validate_snapshot_integrity",
    "generate_snapshot_trace",
    "compare_to_previous"
  ],
  "trigger_conditions": ["on_decision", "on_tag_shift", "on_feedback", "on_error"],
  "inputs": [
    "context_stream",
    "tag_activity",
    "execution_flow",
    "error_flag",
    "intent_transition"
  ],
  "outputs": [
    "snapshot_record",
    "trace_log",
    "anomaly_marker",
    "snapshot_metadata"
  ],
  "linked_modules": ["_g4_longterm-memory.json", "_g4_context-weaver.json"],
  "telemetry": {
    "snapshot_density": true,
    "anomaly_detection_enabled": true,
    "relevance_prediction": true
  },
  "debug": {
    "enabled": true,
    "log_all_snapshots": true,
    "track_transient_conflicts": true
  },
  "persistence": {
    "save_ephemeral_snapshots": true,
    "allow_promotion_to_longterm": true,
    "retention_policy": "short_lifecycle"
  },
  "meta": {
    "maintainer": "Geppetto Memory Layer",
    "category": "memory/transient",
    "audit_enabled": true,
    "indexable": true,
    "last_updated": "dynamic"
  }
}