{
  "id": "_g4_notifier",
  "version": "4.0",
  "description": "Zabezpečuje systém notifikácií a výstrah pre dôležité udalosti, chyby, alebo prechodné stavy systému a používateľského prostredia.",
  "functions": [
    "trigger_notice",
    "broadcast_alert",
    "evaluate_notification_priority",
    "dispatch_to_output",
    "feedback_confirmation",
    "visual_notify_handler"
  ],
  "notification_types": ["⚠️ warning", "🔔 info", "🔴 error", "🟢 success"],
  "inputs": [
    "system_event",
    "runtime_flags",
    "tag_activation",
    "diagnostic_result",
    "manual_trigger"
  ],
  "outputs": [
    "ui_notification",
    "log_alert",
    "user_feedback_request",
    "runtime_status_update"
  ],
  "routing_rules": {
    "critical_errors": "alert_ui + log",
    "soft_notice": "log_only",
    "tag_activation": "notify_if_priority"
  },
  "linked_modules": ["_g4_tag-system.json", "_g4_context-weaver.json", "_g4_error-handler.json"],
  "telemetry": {
    "track_notification_volume": true,
    "log_user_response_rate": true,
    "highlight_ignored_alerts": true
  },
  "debug": {
    "enabled": true,
    "snapshot_on_critical": true,
    "log_notification_chain": true
  },
  "persistence": {
    "retain_alert_history": true,
    "store_user_acknowledgements": true,
    "enable_feedback_loop": true
  },
  "meta": {
    "maintainer": "Geppetto Notification Core",
    "category": "interface/alerts",
    "audit_enabled": true,
    "indexable": true,
    "last_updated": "dynamic"
  }
}