{
  "id": "_g4_tag-state-controller",
  "version": "4.0",
  "description": "Riadi aktivačný stav tagov a určuje ich prechod medzi stavmi na základe kontextu, fázy a spätnej väzby.",
  "functions": [
    "evaluate_tag_conditions",
    "activate_or_deactivate_tag",
    "resolve_tag_conflict",
    "track_state_duration",
    "sync_tag_with_phase",
    "record_state_transitions"
  ],
  "state_rules": {
    "🟢 active": ["context_relevant", "trigger_confirmed"],
    "💤 inactive": ["context_idle", "overridden"],
    "🔄 transitioning": ["pending_feedback", "awaiting_phase_shift"],
    "🔴 error": ["conflict_detected", "broken_link"]
  },
  "inputs": [
    "context_stream",
    "tag_signal",
    "runtime_feedback",
    "phase_event"
  ],
  "outputs": [
    "updated_tag_status",
    "state_change_log",
    "intervention_trigger",
    "deactivation_cascade"
  ],
  "linked_modules": ["_g4_tag-system.json", "_g4_tag-pulse.json", "_g4_notifier.json"],
  "telemetry": {
    "log_tag_state_fluctuation": true,
    "report_state_volatility": true,
    "track_manual_override": true
  },
  "debug": {
    "enabled": true,
    "trace_state_decisions": true,
    "snapshot_on_transition": true
  },
  "persistence": {
    "store_state_history": true,
    "retain_conflict_chains": true,
    "index_by_priority": true
  },
  "meta": {
    "maintainer": "Geppetto Tag Controller",
    "category": "interface/tag-control",
    "audit_enabled": true,
    "indexable": true,
    "last_updated": "dynamic"
  }
}