{
  "id": "_g4_tag-validator",
  "version": "4.0",
  "description": "Overuje konzistenciu, zmysluplnosť a logickú správnosť tagov v rámci výstupu, toku a systémových väzieb.",
  "functions": [
    "validate_tag_schema",
    "check_tag_conflict",
    "verify_phase_alignment",
    "audit_tag_chain",
    "clean_redundant_tags",
    "recommend_tag_fix"
  ],
  "validation_levels": ["syntax", "semantic", "contextual", "phase-based"],
  "inputs": [
    "tag_log",
    "runtime_output",
    "phase_status",
    "linked_memory_trace"
  ],
  "outputs": [
    "validation_report",
    "tag_fix_suggestion",
    "conflict_map",
    "error_flag_trace"
  ],
  "telemetry": {
    "track_invalid_tags": true,
    "log_conflict_resolutions": true,
    "highlight_high-risk_tags": true
  },
  "linked_modules": ["_g4_tag-system.json", "_g4_tag-state-controller.json", "_g4_context-weaver.json"],
  "debug": {
    "enabled": true,
    "show_validation_steps": true,
    "flag_logic_flaws": true
  },
  "persistence": {
    "retain_validation_history": true,
    "store_failed_tags": true,
    "enable_tag_traceback": true
  },
  "meta": {
    "maintainer": "Geppetto Tag Integrity",
    "category": "interface/tag-validation",
    "audit_enabled": true,
    "indexable": true,
    "last_updated": "dynamic"
  }
}