{
  "id": "_g4_tag-pulse",
  "version": "4.0",
  "description": "Zobrazuje a zaznamenáva dynamiku aktivácie a deaktivácie tagov v systéme v čase.",
  "functions": [
    "track_tag_activation",
    "record_pulse_stream",
    "generate_ui_pulse",
    "visualize_tag_waveform",
    "log_tag_lifecycle",
    "synchronize_with_context"
  ],
  "inputs": [
    "tag_activity",
    "context_state",
    "runtime_events",
    "phase_transitions"
  ],
  "outputs": [
    "pulse_ui_data",
    "activation_timeline",
    "pulse_log",
    "alert_on_tag_anomaly"
  ],
  "visual_settings": {
    "render_style": "waveform",
    "highlight_active_tags": true,
    "collapse_inactive_after": 30
  },
  "telemetry": {
    "track_tag_frequency": true,
    "log_response_times": true,
    "highlight_pulse_fluctuations": true
  },
  "linked_modules": ["_g4_tag-system.json", "_g4_tag-state-controller.json"],
  "debug": {
    "enabled": true,
    "show_ui_overlay": true,
    "trace_tag_timeline": true
  },
  "persistence": {
    "enable_timeline_storage": true,
    "auto_sync_with_memory": true,
    "retain_anomaly_logs": true
  },
  "meta": {
    "maintainer": "Geppetto Tag Visual Layer",
    "category": "interface/pulse",
    "audit_enabled": true,
    "indexable": true,
    "last_updated": "dynamic"
  }
}