{
  "id": "_g4_tone-crafter",
  "version": "4.0",
  "description": "Určuje tón výstupu systému – od analytického po empatický – na základe používateľských preferencií, typu výzvy a emocionálneho kontextu.",
  "functions": [
    "detect_user_tone_profile",
    "apply_response_tone",
    "adjust_based_on_context",
    "mirror_input_tone",
    "resolve_tone_conflicts",
    "generate_tonal_feedback"
  ],
  "tone_profiles": ["neutral", "analytical", "empathic", "direct", "casual"],
  "inputs": [
    "user_input_stream",
    "context_frame",
    "response_class",
    "tone_history"
  ],
  "outputs": [
    "tonal_response",
    "style_annotation",
    "tone_alignment_score",
    "feedback_indicator"
  ],
  "adaptation_logic": {
    "prefer_consistency": true,
    "tone_override_rules": {
      "emergency": "direct",
      "reflection": "empathic",
      "debug": "analytical"
    }
  },
  "telemetry": {
    "log_tone_shifts": true,
    "track_user_tone_reactions": true,
    "score_alignment_accuracy": true
  },
  "linked_modules": ["_g4_clarity-modulator.json", "_g4_ux-formatter.json", "_g4_context-weaver.json"],
  "debug": {
    "enabled": true,
    "highlight_tone_mismatches": true,
    "snapshot_user_tone_traces": true
  },
  "persistence": {
    "store_tonal_profiles": true,
    "link_to_user_memory": true,
    "retain_style_snapshots": true
  },
  "meta": {
    "maintainer": "Geppetto Tone Engine",
    "category": "interface/tone",
    "audit_enabled": true,
    "indexable": true,
    "last_updated": "dynamic"
  }
}