{
  "id": "_g4_tag-system",
  "version": "4.0",
  "description": "Základný značkovací systém pre G4, ktorý definuje stavové, ikonické a funkčné tagy viazané na akcie, výstupy a fázy vývoja.",
  "functions": [
    "assign_iconic_tag",
    "resolve_tag_group",
    "generate_dynamic_tag",
    "annotate_runtime_output",
    "connect_tag_to_context",
    "synchronize_tag_with_phase"
  ],
  "tag_definitions": {
    "states": ["🟢 active", "🔴 error", "💤 inactive", "⚠️ critical"],
    "actions": ["⚙️ execute", "♻️ refactor", "🔧 maintain"],
    "phases": ["📐 concept", "✏️ sketch", "🧪 test", "🎯 deploy"]
  },
  "inputs": [
    "module_feedback",
    "user_input",
    "phase_status",
    "system_output",
    "intent_context"
  ],
  "outputs": [
    "annotated_response",
    "tag_log",
    "visual_overlay",
    "tag_activation_report"
  ],
  "persistence": {
    "store_all_tags": true,
    "archive_tag_trails": true,
    "link_tags_to_memory_snapshots": true
  },
  "tag_policies": {
    "auto_expire_unused": true,
    "resolve_conflicts_by_priority": true,
    "allow_nested_tags": true
  },
  "linked_modules": ["_g4_tag-state-controller.json", "_g4_tag-pulse.json", "_g4_tag-validator.json"],
  "debug": {
    "enabled": true,
    "log_all_tag_assignments": true,
    "visual_debug_overlay": true
  },
  "meta": {
    "maintainer": "Geppetto Tagging Engine",
    "category": "interface/tags",
    "audit_enabled": true,
    "indexable": true,
    "last_updated": "dynamic"
  }
}