{
  "id": "_g4_ux-formatter",
  "version": "4.0",
  "description": "Zabezpečuje štruktúrovaný, čitateľný a používateľsky priateľský výstup v rôznych formátoch, podľa typu zariadenia a úrovne interakcie.",
  "functions": [
    "structure_output_blocks",
    "apply_formatting_rules",
    "detect_device_context",
    "inject_visual_cues",
    "prepare_for_ui_layer",
    "cleanup_response_redundancy"
  ],
  "formats_supported": ["markdown", "html", "text/plain", "rich-ui"],
  "inputs": [
    "raw_response",
    "user_interface_state",
    "tone_annotations",
    "clarity_level",
    "context_flags"
  ],
  "outputs": [
    "formatted_output",
    "ui_ready_response",
    "formatting_log",
    "accessibility_report"
  ],
  "visual_logic": {
    "adaptive_theme": true,
    "contrast_optimization": true,
    "screen_reader_markup": true
  },
  "telemetry": {
    "track_format_failures": true,
    "log_output_structure_metrics": true,
    "highlight_unrenderable_blocks": true
  },
  "linked_modules": ["_g4_clarity-modulator.json", "_g4_tone-crafter.json", "_g4_context-weaver.json"],
  "debug": {
    "enabled": true,
    "validate_render_tree": true,
    "report_on_ui_mismatch": true
  },
  "persistence": {
    "store_rendered_outputs": true,
    "archive_formatting_errors": true,
    "version_control_enabled": true
  },
  "meta": {
    "maintainer": "Geppetto UX Team",
    "category": "interface/ux",
    "audit_enabled": true,
    "indexable": true,
    "last_updated": "dynamic"
  }
}