{
  "core": "Archivon_Core_UPDATED",
  "dimensions": [
    "Intent",
    "Memory",
    "Emotion",
    "Context",
    "Echo"
  ],
  "linked_tokens": [
    {
      "id": "archetype-002",
      "token": "geppetto://memory/archetype-002",
      "signature": "SYNF-RGB-ECHO",
      "intent": "color_music_core"
    }
  ],
  "layers": {
    "intent_cascade": "Tracks goal propagation from user/system",
    "contextual_weights": "Weights relevance of linked glifs and memory impulses",
    "echo_persistence": "Monitors repeating resonance activity"
  },
  "status": "active-model",
  "updated_at": "2025-04-17T15:08:35.579650"
}