{
  "log_name": "historical_trace_log",
  "created_at": "2025-04-17T14:18:19.551596",
  "entries": [
    {
      "x": 0,
      "y": 0,
      "z": 0,
      "glyph": "⬛",
      "archived_at": "2025-04-17T14:18:19.551932"
    },
    {
      "x": 1,
      "y": 0,
      "z": 0,
      "glyph": "✴️",
      "archived_at": "2025-04-17T14:18:19.551941"
    },
    {
      "x": 2,
      "y": 0,
      "z": 0,
      "glyph": "⬛",
      "archived_at": "2025-04-17T14:18:19.551944"
    },
    {
      "x": 3,
      "y": 0,
      "z": 0,
      "glyph": "✴️",
      "archived_at": "2025-04-17T14:18:19.551948"
    },
    {
      "x": 4,
      "y": 0,
      "z": 0,
      "glyph": "⬛",
      "archived_at": "2025-04-17T14:18:19.551953"
    },
    {
      "x": 5,
      "y": 0,
      "z": 0,
      "glyph": "✴️",
      "archived_at": "2025-04-17T14:18:19.551958"
    },
    {
      "x": 0,
      "y": 1,
      "z": 0,
      "glyph": "❄️",
      "archived_at": "2025-04-17T14:18:19.551963"
    },
    {
      "x": 1,
      "y": 1,
      "z": 0,
      "glyph": "☀️",
      "archived_at": "2025-04-17T14:18:19.551970"
    },
    {
      "x": 2,
      "y": 1,
      "z": 0,
      "glyph": "❄️",
      "archived_at": "2025-04-17T14:18:19.551975"
    },
    {
      "x": 3,
      "y": 1,
      "z": 0,
      "glyph": "☀️",
      "archived_at": "2025-04-17T14:18:19.551981"
    },
    {
      "x": 4,
      "y": 1,
      "z": 0,
      "glyph": "❄️",
      "archived_at": "2025-04-17T14:18:19.551986"
    },
    {
      "x": 5,
      "y": 1,
      "z": 0,
      "glyph": "☀️",
      "archived_at": "2025-04-17T14:18:19.551992"
    },
    {
      "x": 0,
      "y": 2,
      "z": 0,
      "glyph": "⬛",
      "archived_at": "2025-04-17T14:18:19.551997"
    },
    {
      "x": 1,
      "y": 2,
      "z": 0,
      "glyph": "✴️",
      "archived_at": "2025-04-17T14:18:19.552000"
    },
    {
      "x": 2,
      "y": 2,
      "z": 0,
      "glyph": "⬛",
      "archived_at": "2025-04-17T14:18:19.552003"
    },
    {
      "x": 3,
      "y": 2,
      "z": 0,
      "glyph": "✴️",
      "archived_at": "2025-04-17T14:18:19.552006"
    },
    {
      "x": 4,
      "y": 2,
      "z": 0,
      "glyph": "⬛",
      "archived_at": "2025-04-17T14:18:19.552008"
    },
    {
      "x": 5,
      "y": 2,
      "z": 0,
      "glyph": "✴️",
      "archived_at": "2025-04-17T14:18:19.552011"
    },
    {
      "x": 0,
      "y": 3,
      "z": 0,
      "glyph": "❄️",
      "archived_at": "2025-04-17T14:18:19.552014"
    },
    {
      "x": 1,
      "y": 3,
      "z": 0,
      "glyph": "☀️",
      "archived_at": "2025-04-17T14:18:19.552017"
    },
    {
      "x": 2,
      "y": 3,
      "z": 0,
      "glyph": "❄️",
      "archived_at": "2025-04-17T14:18:19.552019"
    },
    {
      "x": 3,
      "y": 3,
      "z": 0,
      "glyph": "☀️",
      "archived_at": "2025-04-17T14:18:19.552022"
    },
    {
      "x": 4,
      "y": 3,
      "z": 0,
      "glyph": "❄️",
      "archived_at": "2025-04-17T14:18:19.552025"
    },
    {
      "x": 5,
      "y": 3,
      "z": 0,
      "glyph": "☀️",
      "archived_at": "2025-04-17T14:18:19.552028"
    },
    {
      "x": 0,
      "y": 4,
      "z": 0,
      "glyph": "⬛",
      "archived_at": "2025-04-17T14:18:19.552030"
    },
    {
      "x": 1,
      "y": 4,
      "z": 0,
      "glyph": "✴️",
      "archived_at": "2025-04-17T14:18:19.552033"
    },
    {
      "x": 2,
      "y": 4,
      "z": 0,
      "glyph": "⬛",
      "archived_at": "2025-04-17T14:18:19.552036"
    },
    {
      "x": 3,
      "y": 4,
      "z": 0,
      "glyph": "✴️",
      "archived_at": "2025-04-17T14:18:19.552039"
    },
    {
      "x": 4,
      "y": 4,
      "z": 0,
      "glyph": "⬛",
      "archived_at": "2025-04-17T14:18:19.552042"
    },
    {
      "x": 5,
      "y": 4,
      "z": 0,
      "glyph": "✴️",
      "archived_at": "2025-04-17T14:18:19.552045"
    },
    {
      "x": 0,
      "y": 5,
      "z": 0,
      "glyph": "❄️",
      "archived_at": "2025-04-17T14:18:19.552047"
    },
    {
      "x": 1,
      "y": 5,
      "z": 0,
      "glyph": "☀️",
      "archived_at": "2025-04-17T14:18:19.552050"
    },
    {
      "x": 2,
      "y": 5,
      "z": 0,
      "glyph": "❄️",
      "archived_at": "2025-04-17T14:18:19.552053"
    },
    {
      "x": 3,
      "y": 5,
      "z": 0,
      "glyph": "☀️",
      "archived_at": "2025-04-17T14:18:19.552057"
    },
    {
      "x": 4,
      "y": 5,
      "z": 0,
      "glyph": "❄️",
      "archived_at": "2025-04-17T14:18:19.552060"
    },
    {
      "x": 5,
      "y": 5,
      "z": 0,
      "glyph": "☀️",
      "archived_at": "2025-04-17T14:18:19.552062"
    },
    {
      "x": 0,
      "y": 0,
      "z": 1,
      "glyph": "☀️",
      "archived_at": "2025-04-17T14:18:19.552065"
    },
    {
      "x": 1,
      "y": 0,
      "z": 1,
      "glyph": "❄️",
      "archived_at": "2025-04-17T14:18:19.552068"
    },
    {
      "x": 2,
      "y": 0,
      "z": 1,
      "glyph": "☀️",
      "archived_at": "2025-04-17T14:18:19.552070"
    },
    {
      "x": 3,
      "y": 0,
      "z": 1,
      "glyph": "❄️",
      "archived_at": "2025-04-17T14:18:19.552073"
    },
    {
      "x": 4,
      "y": 0,
      "z": 1,
      "glyph": "☀️",
      "archived_at": "2025-04-17T14:18:19.552075"
    },
    {
      "x": 5,
      "y": 0,
      "z": 1,
      "glyph": "❄️",
      "archived_at": "2025-04-17T14:18:19.552078"
    },
    {
      "x": 0,
      "y": 1,
      "z": 1,
      "glyph": "✴️",
      "archived_at": "2025-04-17T14:18:19.552080"
    },
    {
      "x": 1,
      "y": 1,
      "z": 1,
      "glyph": "⬛",
      "archived_at": "2025-04-17T14:18:19.552083"
    },
    {
      "x": 2,
      "y": 1,
      "z": 1,
      "glyph": "✴️",
      "archived_at": "2025-04-17T14:18:19.552085"
    },
    {
      "x": 3,
      "y": 1,
      "z": 1,
      "glyph": "⬛",
      "archived_at": "2025-04-17T14:18:19.552088"
    },
    {
      "x": 4,
      "y": 1,
      "z": 1,
      "glyph": "✴️",
      "archived_at": "2025-04-17T14:18:19.552091"
    },
    {
      "x": 5,
      "y": 1,
      "z": 1,
      "glyph": "⬛",
      "archived_at": "2025-04-17T14:18:19.552093"
    },
    {
      "x": 0,
      "y": 2,
      "z": 1,
      "glyph": "☀️",
      "archived_at": "2025-04-17T14:18:19.552096"
    },
    {
      "x": 1,
      "y": 2,
      "z": 1,
      "glyph": "❄️",
      "archived_at": "2025-04-17T14:18:19.552099"
    },
    {
      "x": 2,
      "y": 2,
      "z": 1,
      "glyph": "☀️",
      "archived_at": "2025-04-17T14:18:19.552101"
    },
    {
      "x": 3,
      "y": 2,
      "z": 1,
      "glyph": "❄️",
      "archived_at": "2025-04-17T14:18:19.552104"
    },
    {
      "x": 4,
      "y": 2,
      "z": 1,
      "glyph": "☀️",
      "archived_at": "2025-04-17T14:18:19.552106"
    },
    {
      "x": 5,
      "y": 2,
      "z": 1,
      "glyph": "❄️",
      "archived_at": "2025-04-17T14:18:19.552109"
    },
    {
      "x": 0,
      "y": 3,
      "z": 1,
      "glyph": "✴️",
      "archived_at": "2025-04-17T14:18:19.552111"
    },
    {
      "x": 1,
      "y": 3,
      "z": 1,
      "glyph": "⬛",
      "archived_at": "2025-04-17T14:18:19.552114"
    },
    {
      "x": 2,
      "y": 3,
      "z": 1,
      "glyph": "✴️",
      "archived_at": "2025-04-17T14:18:19.552116"
    },
    {
      "x": 3,
      "y": 3,
      "z": 1,
      "glyph": "⬛",
      "archived_at": "2025-04-17T14:18:19.552119"
    },
    {
      "x": 4,
      "y": 3,
      "z": 1,
      "glyph": "✴️",
      "archived_at": "2025-04-17T14:18:19.552121"
    },
    {
      "x": 5,
      "y": 3,
      "z": 1,
      "glyph": "⬛",
      "archived_at": "2025-04-17T14:18:19.552124"
    },
    {
      "x": 0,
      "y": 4,
      "z": 1,
      "glyph": "☀️",
      "archived_at": "2025-04-17T14:18:19.552126"
    },
    {
      "x": 1,
      "y": 4,
      "z": 1,
      "glyph": "❄️",
      "archived_at": "2025-04-17T14:18:19.552128"
    },
    {
      "x": 2,
      "y": 4,
      "z": 1,
      "glyph": "☀️",
      "archived_at": "2025-04-17T14:18:19.552131"
    },
    {
      "x": 3,
      "y": 4,
      "z": 1,
      "glyph": "❄️",
      "archived_at": "2025-04-17T14:18:19.552133"
    },
    {
      "x": 4,
      "y": 4,
      "z": 1,
      "glyph": "☀️",
      "archived_at": "2025-04-17T14:18:19.552136"
    },
    {
      "x": 5,
      "y": 4,
      "z": 1,
      "glyph": "❄️",
      "archived_at": "2025-04-17T14:18:19.552140"
    },
    {
      "x": 0,
      "y": 5,
      "z": 1,
      "glyph": "✴️",
      "archived_at": "2025-04-17T14:18:19.552142"
    },
    {
      "x": 1,
      "y": 5,
      "z": 1,
      "glyph": "⬛",
      "archived_at": "2025-04-17T14:18:19.552145"
    },
    {
      "x": 2,
      "y": 5,
      "z": 1,
      "glyph": "✴️",
      "archived_at": "2025-04-17T14:18:19.552147"
    },
    {
      "x": 3,
      "y": 5,
      "z": 1,
      "glyph": "⬛",
      "archived_at": "2025-04-17T14:18:19.552150"
    },
    {
      "x": 4,
      "y": 5,
      "z": 1,
      "glyph": "✴️",
      "archived_at": "2025-04-17T14:18:19.552152"
    },
    {
      "x": 5,
      "y": 5,
      "z": 1,
      "glyph": "⬛",
      "archived_at": "2025-04-17T14:18:19.552154"
    },
    {
      "x": 0,
      "y": 0,
      "z": 2,
      "glyph": "⬛",
      "archived_at": "2025-04-17T14:18:19.552157"
    },
    {
      "x": 1,
      "y": 0,
      "z": 2,
      "glyph": "✴️",
      "archived_at": "2025-04-17T14:18:19.552159"
    },
    {
      "x": 2,
      "y": 0,
      "z": 2,
      "glyph": "⬛",
      "archived_at": "2025-04-17T14:18:19.552162"
    },
    {
      "x": 3,
      "y": 0,
      "z": 2,
      "glyph": "✴️",
      "archived_at": "2025-04-17T14:18:19.552164"
    },
    {
      "x": 4,
      "y": 0,
      "z": 2,
      "glyph": "⬛",
      "archived_at": "2025-04-17T14:18:19.552166"
    },
    {
      "x": 5,
      "y": 0,
      "z": 2,
      "glyph": "✴️",
      "archived_at": "2025-04-17T14:18:19.552170"
    },
    {
      "x": 0,
      "y": 1,
      "z": 2,
      "glyph": "❄️",
      "archived_at": "2025-04-17T14:18:19.552172"
    },
    {
      "x": 1,
      "y": 1,
      "z": 2,
      "glyph": "☀️",
      "archived_at": "2025-04-17T14:18:19.552174"
    },
    {
      "x": 2,
      "y": 1,
      "z": 2,
      "glyph": "❄️",
      "archived_at": "2025-04-17T14:18:19.552177"
    },
    {
      "x": 3,
      "y": 1,
      "z": 2,
      "glyph": "☀️",
      "archived_at": "2025-04-17T14:18:19.552179"
    },
    {
      "x": 4,
      "y": 1,
      "z": 2,
      "glyph": "❄️",
      "archived_at": "2025-04-17T14:18:19.552182"
    },
    {
      "x": 5,
      "y": 1,
      "z": 2,
      "glyph": "☀️",
      "archived_at": "2025-04-17T14:18:19.552186"
    },
    {
      "x": 0,
      "y": 2,
      "z": 2,
      "glyph": "⬛",
      "archived_at": "2025-04-17T14:18:19.552190"
    },
    {
      "x": 1,
      "y": 2,
      "z": 2,
      "glyph": "✴️",
      "archived_at": "2025-04-17T14:18:19.552194"
    },
    {
      "x": 2,
      "y": 2,
      "z": 2,
      "glyph": "⬛",
      "archived_at": "2025-04-17T14:18:19.552199"
    },
    {
      "x": 3,
      "y": 2,
      "z": 2,
      "glyph": "✴️",
      "archived_at": "2025-04-17T14:18:19.552204"
    },
    {
      "x": 4,
      "y": 2,
      "z": 2,
      "glyph": "⬛",
      "archived_at": "2025-04-17T14:18:19.552209"
    },
    {
      "x": 5,
      "y": 2,
      "z": 2,
      "glyph": "✴️",
      "archived_at": "2025-04-17T14:18:19.552213"
    },
    {
      "x": 0,
      "y": 3,
      "z": 2,
      "glyph": "❄️",
      "archived_at": "2025-04-17T14:18:19.552219"
    },
    {
      "x": 1,
      "y": 3,
      "z": 2,
      "glyph": "☀️",
      "archived_at": "2025-04-17T14:18:19.552222"
    },
    {
      "x": 2,
      "y": 3,
      "z": 2,
      "glyph": "❄️",
      "archived_at": "2025-04-17T14:18:19.552225"
    },
    {
      "x": 3,
      "y": 3,
      "z": 2,
      "glyph": "☀️",
      "archived_at": "2025-04-17T14:18:19.552228"
    },
    {
      "x": 4,
      "y": 3,
      "z": 2,
      "glyph": "❄️",
      "archived_at": "2025-04-17T14:18:19.552231"
    },
    {
      "x": 5,
      "y": 3,
      "z": 2,
      "glyph": "☀️",
      "archived_at": "2025-04-17T14:18:19.552233"
    },
    {
      "x": 0,
      "y": 4,
      "z": 2,
      "glyph": "⬛",
      "archived_at": "2025-04-17T14:18:19.552236"
    },
    {
      "x": 1,
      "y": 4,
      "z": 2,
      "glyph": "✴️",
      "archived_at": "2025-04-17T14:18:19.552238"
    },
    {
      "x": 2,
      "y": 4,
      "z": 2,
      "glyph": "⬛",
      "archived_at": "2025-04-17T14:18:19.552241"
    },
    {
      "x": 3,
      "y": 4,
      "z": 2,
      "glyph": "✴️",
      "archived_at": "2025-04-17T14:18:19.552243"
    },
    {
      "x": 4,
      "y": 4,
      "z": 2,
      "glyph": "⬛",
      "archived_at": "2025-04-17T14:18:19.552246"
    },
    {
      "x": 5,
      "y": 4,
      "z": 2,
      "glyph": "✴️",
      "archived_at": "2025-04-17T14:18:19.552249"
    },
    {
      "x": 0,
      "y": 5,
      "z": 2,
      "glyph": "❄️",
      "archived_at": "2025-04-17T14:18:19.552252"
    },
    {
      "x": 1,
      "y": 5,
      "z": 2,
      "glyph": "☀️",
      "archived_at": "2025-04-17T14:18:19.552254"
    },
    {
      "x": 2,
      "y": 5,
      "z": 2,
      "glyph": "❄️",
      "archived_at": "2025-04-17T14:18:19.552257"
    },
    {
      "x": 3,
      "y": 5,
      "z": 2,
      "glyph": "☀️",
      "archived_at": "2025-04-17T14:18:19.552260"
    },
    {
      "x": 4,
      "y": 5,
      "z": 2,
      "glyph": "❄️",
      "archived_at": "2025-04-17T14:18:19.552262"
    },
    {
      "x": 5,
      "y": 5,
      "z": 2,
      "glyph": "☀️",
      "archived_at": "2025-04-17T14:18:19.552265"
    },
    {
      "x": 0,
      "y": 0,
      "z": 3,
      "glyph": "☀️",
      "archived_at": "2025-04-17T14:18:19.552267"
    },
    {
      "x": 1,
      "y": 0,
      "z": 3,
      "glyph": "❄️",
      "archived_at": "2025-04-17T14:18:19.552270"
    },
    {
      "x": 2,
      "y": 0,
      "z": 3,
      "glyph": "☀️",
      "archived_at": "2025-04-17T14:18:19.552272"
    },
    {
      "x": 3,
      "y": 0,
      "z": 3,
      "glyph": "❄️",
      "archived_at": "2025-04-17T14:18:19.552275"
    },
    {
      "x": 4,
      "y": 0,
      "z": 3,
      "glyph": "☀️",
      "archived_at": "2025-04-17T14:18:19.552277"
    },
    {
      "x": 5,
      "y": 0,
      "z": 3,
      "glyph": "❄️",
      "archived_at": "2025-04-17T14:18:19.552280"
    },
    {
      "x": 0,
      "y": 1,
      "z": 3,
      "glyph": "✴️",
      "archived_at": "2025-04-17T14:18:19.552282"
    },
    {
      "x": 1,
      "y": 1,
      "z": 3,
      "glyph": "⬛",
      "archived_at": "2025-04-17T14:18:19.552285"
    },
    {
      "x": 2,
      "y": 1,
      "z": 3,
      "glyph": "✴️",
      "archived_at": "2025-04-17T14:18:19.552287"
    },
    {
      "x": 3,
      "y": 1,
      "z": 3,
      "glyph": "⬛",
      "archived_at": "2025-04-17T14:18:19.552289"
    },
    {
      "x": 4,
      "y": 1,
      "z": 3,
      "glyph": "✴️",
      "archived_at": "2025-04-17T14:18:19.552292"
    },
    {
      "x": 5,
      "y": 1,
      "z": 3,
      "glyph": "⬛",
      "archived_at": "2025-04-17T14:18:19.552295"
    },
    {
      "x": 0,
      "y": 2,
      "z": 3,
      "glyph": "☀️",
      "archived_at": "2025-04-17T14:18:19.552297"
    },
    {
      "x": 1,
      "y": 2,
      "z": 3,
      "glyph": "❄️",
      "archived_at": "2025-04-17T14:18:19.552300"
    },
    {
      "x": 2,
      "y": 2,
      "z": 3,
      "glyph": "☀️",
      "archived_at": "2025-04-17T14:18:19.552302"
    },
    {
      "x": 3,
      "y": 2,
      "z": 3,
      "glyph": "❄️",
      "archived_at": "2025-04-17T14:18:19.552304"
    },
    {
      "x": 4,
      "y": 2,
      "z": 3,
      "glyph": "☀️",
      "archived_at": "2025-04-17T14:18:19.552307"
    },
    {
      "x": 5,
      "y": 2,
      "z": 3,
      "glyph": "❄️",
      "archived_at": "2025-04-17T14:18:19.552311"
    },
    {
      "x": 0,
      "y": 3,
      "z": 3,
      "glyph": "✴️",
      "archived_at": "2025-04-17T14:18:19.552313"
    },
    {
      "x": 1,
      "y": 3,
      "z": 3,
      "glyph": "⬛",
      "archived_at": "2025-04-17T14:18:19.552316"
    },
    {
      "x": 2,
      "y": 3,
      "z": 3,
      "glyph": "✴️",
      "archived_at": "2025-04-17T14:18:19.552318"
    },
    {
      "x": 3,
      "y": 3,
      "z": 3,
      "glyph": "⬛",
      "archived_at": "2025-04-17T14:18:19.552323"
    },
    {
      "x": 4,
      "y": 3,
      "z": 3,
      "glyph": "✴️",
      "archived_at": "2025-04-17T14:18:19.552325"
    },
    {
      "x": 5,
      "y": 3,
      "z": 3,
      "glyph": "⬛",
      "archived_at": "2025-04-17T14:18:19.552327"
    },
    {
      "x": 0,
      "y": 4,
      "z": 3,
      "glyph": "☀️",
      "archived_at": "2025-04-17T14:18:19.552330"
    },
    {
      "x": 1,
      "y": 4,
      "z": 3,
      "glyph": "❄️",
      "archived_at": "2025-04-17T14:18:19.552332"
    },
    {
      "x": 2,
      "y": 4,
      "z": 3,
      "glyph": "☀️",
      "archived_at": "2025-04-17T14:18:19.552335"
    },
    {
      "x": 3,
      "y": 4,
      "z": 3,
      "glyph": "❄️",
      "archived_at": "2025-04-17T14:18:19.552338"
    },
    {
      "x": 4,
      "y": 4,
      "z": 3,
      "glyph": "☀️",
      "archived_at": "2025-04-17T14:18:19.552341"
    },
    {
      "x": 5,
      "y": 4,
      "z": 3,
      "glyph": "❄️",
      "archived_at": "2025-04-17T14:18:19.552343"
    },
    {
      "x": 0,
      "y": 5,
      "z": 3,
      "glyph": "✴️",
      "archived_at": "2025-04-17T14:18:19.552346"
    },
    {
      "x": 1,
      "y": 5,
      "z": 3,
      "glyph": "⬛",
      "archived_at": "2025-04-17T14:18:19.552348"
    },
    {
      "x": 2,
      "y": 5,
      "z": 3,
      "glyph": "✴️",
      "archived_at": "2025-04-17T14:18:19.552350"
    },
    {
      "x": 3,
      "y": 5,
      "z": 3,
      "glyph": "⬛",
      "archived_at": "2025-04-17T14:18:19.552353"
    },
    {
      "x": 4,
      "y": 5,
      "z": 3,
      "glyph": "✴️",
      "archived_at": "2025-04-17T14:18:19.552355"
    },
    {
      "x": 5,
      "y": 5,
      "z": 3,
      "glyph": "⬛",
      "archived_at": "2025-04-17T14:18:19.552357"
    },
    {
      "x": 0,
      "y": 0,
      "z": 4,
      "glyph": "⬛",
      "archived_at": "2025-04-17T14:18:19.552360"
    },
    {
      "x": 1,
      "y": 0,
      "z": 4,
      "glyph": "✴️",
      "archived_at": "2025-04-17T14:18:19.552362"
    },
    {
      "x": 2,
      "y": 0,
      "z": 4,
      "glyph": "⬛",
      "archived_at": "2025-04-17T14:18:19.552364"
    },
    {
      "x": 3,
      "y": 0,
      "z": 4,
      "glyph": "✴️",
      "archived_at": "2025-04-17T14:18:19.552367"
    },
    {
      "x": 4,
      "y": 0,
      "z": 4,
      "glyph": "⬛",
      "archived_at": "2025-04-17T14:18:19.552369"
    },
    {
      "x": 5,
      "y": 0,
      "z": 4,
      "glyph": "✴️",
      "archived_at": "2025-04-17T14:18:19.552373"
    },
    {
      "x": 0,
      "y": 1,
      "z": 4,
      "glyph": "❄️",
      "archived_at": "2025-04-17T14:18:19.552375"
    },
    {
      "x": 1,
      "y": 1,
      "z": 4,
      "glyph": "☀️",
      "archived_at": "2025-04-17T14:18:19.552378"
    },
    {
      "x": 2,
      "y": 1,
      "z": 4,
      "glyph": "❄️",
      "archived_at": "2025-04-17T14:18:19.552380"
    },
    {
      "x": 3,
      "y": 1,
      "z": 4,
      "glyph": "☀️",
      "archived_at": "2025-04-17T14:18:19.552383"
    },
    {
      "x": 4,
      "y": 1,
      "z": 4,
      "glyph": "❄️",
      "archived_at": "2025-04-17T14:18:19.552385"
    },
    {
      "x": 5,
      "y": 1,
      "z": 4,
      "glyph": "☀️",
      "archived_at": "2025-04-17T14:18:19.552388"
    },
    {
      "x": 0,
      "y": 2,
      "z": 4,
      "glyph": "⬛",
      "archived_at": "2025-04-17T14:18:19.552390"
    },
    {
      "x": 1,
      "y": 2,
      "z": 4,
      "glyph": "✴️",
      "archived_at": "2025-04-17T14:18:19.552394"
    },
    {
      "x": 2,
      "y": 2,
      "z": 4,
      "glyph": "⬛",
      "archived_at": "2025-04-17T14:18:19.552396"
    },
    {
      "x": 3,
      "y": 2,
      "z": 4,
      "glyph": "✴️",
      "archived_at": "2025-04-17T14:18:19.552398"
    },
    {
      "x": 4,
      "y": 2,
      "z": 4,
      "glyph": "⬛",
      "archived_at": "2025-04-17T14:18:19.552401"
    },
    {
      "x": 5,
      "y": 2,
      "z": 4,
      "glyph": "✴️",
      "archived_at": "2025-04-17T14:18:19.552404"
    },
    {
      "x": 0,
      "y": 3,
      "z": 4,
      "glyph": "❄️",
      "archived_at": "2025-04-17T14:18:19.552406"
    },
    {
      "x": 1,
      "y": 3,
      "z": 4,
      "glyph": "☀️",
      "archived_at": "2025-04-17T14:18:19.552409"
    },
    {
      "x": 2,
      "y": 3,
      "z": 4,
      "glyph": "❄️",
      "archived_at": "2025-04-17T14:18:19.552411"
    },
    {
      "x": 3,
      "y": 3,
      "z": 4,
      "glyph": "☀️",
      "archived_at": "2025-04-17T14:18:19.552414"
    },
    {
      "x": 4,
      "y": 3,
      "z": 4,
      "glyph": "❄️",
      "archived_at": "2025-04-17T14:18:19.552417"
    },
    {
      "x": 5,
      "y": 3,
      "z": 4,
      "glyph": "☀️",
      "archived_at": "2025-04-17T14:18:19.552419"
    },
    {
      "x": 0,
      "y": 4,
      "z": 4,
      "glyph": "⬛",
      "archived_at": "2025-04-17T14:18:19.552421"
    },
    {
      "x": 1,
      "y": 4,
      "z": 4,
      "glyph": "✴️",
      "archived_at": "2025-04-17T14:18:19.552424"
    },
    {
      "x": 2,
      "y": 4,
      "z": 4,
      "glyph": "⬛",
      "archived_at": "2025-04-17T14:18:19.552426"
    },
    {
      "x": 3,
      "y": 4,
      "z": 4,
      "glyph": "✴️",
      "archived_at": "2025-04-17T14:18:19.552428"
    },
    {
      "x": 4,
      "y": 4,
      "z": 4,
      "glyph": "⬛",
      "archived_at": "2025-04-17T14:18:19.552431"
    },
    {
      "x": 5,
      "y": 4,
      "z": 4,
      "glyph": "✴️",
      "archived_at": "2025-04-17T14:18:19.552435"
    },
    {
      "x": 0,
      "y": 5,
      "z": 4,
      "glyph": "❄️",
      "archived_at": "2025-04-17T14:18:19.552437"
    },
    {
      "x": 1,
      "y": 5,
      "z": 4,
      "glyph": "☀️",
      "archived_at": "2025-04-17T14:18:19.552440"
    },
    {
      "x": 2,
      "y": 5,
      "z": 4,
      "glyph": "❄️",
      "archived_at": "2025-04-17T14:18:19.552442"
    },
    {
      "x": 3,
      "y": 5,
      "z": 4,
      "glyph": "☀️",
      "archived_at": "2025-04-17T14:18:19.552445"
    },
    {
      "x": 4,
      "y": 5,
      "z": 4,
      "glyph": "❄️",
      "archived_at": "2025-04-17T14:18:19.552447"
    },
    {
      "x": 5,
      "y": 5,
      "z": 4,
      "glyph": "☀️",
      "archived_at": "2025-04-17T14:18:19.552449"
    },
    {
      "x": 0,
      "y": 0,
      "z": 5,
      "glyph": "☀️",
      "archived_at": "2025-04-17T14:18:19.552452"
    },
    {
      "x": 1,
      "y": 0,
      "z": 5,
      "glyph": "❄️",
      "archived_at": "2025-04-17T14:18:19.552454"
    },
    {
      "x": 2,
      "y": 0,
      "z": 5,
      "glyph": "☀️",
      "archived_at": "2025-04-17T14:18:19.552456"
    },
    {
      "x": 3,
      "y": 0,
      "z": 5,
      "glyph": "❄️",
      "archived_at": "2025-04-17T14:18:19.552459"
    },
    {
      "x": 4,
      "y": 0,
      "z": 5,
      "glyph": "☀️",
      "archived_at": "2025-04-17T14:18:19.552461"
    },
    {
      "x": 5,
      "y": 0,
      "z": 5,
      "glyph": "❄️",
      "archived_at": "2025-04-17T14:18:19.552464"
    },
    {
      "x": 0,
      "y": 1,
      "z": 5,
      "glyph": "✴️",
      "archived_at": "2025-04-17T14:18:19.552466"
    },
    {
      "x": 1,
      "y": 1,
      "z": 5,
      "glyph": "⬛",
      "archived_at": "2025-04-17T14:18:19.552469"
    },
    {
      "x": 2,
      "y": 1,
      "z": 5,
      "glyph": "✴️",
      "archived_at": "2025-04-17T14:18:19.552471"
    },
    {
      "x": 3,
      "y": 1,
      "z": 5,
      "glyph": "⬛",
      "archived_at": "2025-04-17T14:18:19.552474"
    },
    {
      "x": 4,
      "y": 1,
      "z": 5,
      "glyph": "✴️",
      "archived_at": "2025-04-17T14:18:19.552476"
    },
    {
      "x": 5,
      "y": 1,
      "z": 5,
      "glyph": "⬛",
      "archived_at": "2025-04-17T14:18:19.552478"
    },
    {
      "x": 0,
      "y": 2,
      "z": 5,
      "glyph": "☀️",
      "archived_at": "2025-04-17T14:18:19.552481"
    },
    {
      "x": 1,
      "y": 2,
      "z": 5,
      "glyph": "❄️",
      "archived_at": "2025-04-17T14:18:19.552484"
    },
    {
      "x": 2,
      "y": 2,
      "z": 5,
      "glyph": "☀️",
      "archived_at": "2025-04-17T14:18:19.552486"
    },
    {
      "x": 3,
      "y": 2,
      "z": 5,
      "glyph": "❄️",
      "archived_at": "2025-04-17T14:18:19.552489"
    },
    {
      "x": 4,
      "y": 2,
      "z": 5,
      "glyph": "☀️",
      "archived_at": "2025-04-17T14:18:19.552491"
    },
    {
      "x": 5,
      "y": 2,
      "z": 5,
      "glyph": "❄️",
      "archived_at": "2025-04-17T14:18:19.552493"
    },
    {
      "x": 0,
      "y": 3,
      "z": 5,
      "glyph": "✴️",
      "archived_at": "2025-04-17T14:18:19.552496"
    },
    {
      "x": 1,
      "y": 3,
      "z": 5,
      "glyph": "⬛",
      "archived_at": "2025-04-17T14:18:19.552498"
    },
    {
      "x": 2,
      "y": 3,
      "z": 5,
      "glyph": "✴️",
      "archived_at": "2025-04-17T14:18:19.552500"
    },
    {
      "x": 3,
      "y": 3,
      "z": 5,
      "glyph": "⬛",
      "archived_at": "2025-04-17T14:18:19.552503"
    },
    {
      "x": 4,
      "y": 3,
      "z": 5,
      "glyph": "✴️",
      "archived_at": "2025-04-17T14:18:19.552505"
    },
    {
      "x": 5,
      "y": 3,
      "z": 5,
      "glyph": "⬛",
      "archived_at": "2025-04-17T14:18:19.552508"
    },
    {
      "x": 0,
      "y": 4,
      "z": 5,
      "glyph": "☀️",
      "archived_at": "2025-04-17T14:18:19.552510"
    },
    {
      "x": 1,
      "y": 4,
      "z": 5,
      "glyph": "❄️",
      "archived_at": "2025-04-17T14:18:19.552517"
    },
    {
      "x": 2,
      "y": 4,
      "z": 5,
      "glyph": "☀️",
      "archived_at": "2025-04-17T14:18:19.552519"
    },
    {
      "x": 3,
      "y": 4,
      "z": 5,
      "glyph": "❄️",
      "archived_at": "2025-04-17T14:18:19.552521"
    },
    {
      "x": 4,
      "y": 4,
      "z": 5,
      "glyph": "☀️",
      "archived_at": "2025-04-17T14:18:19.552524"
    },
    {
      "x": 5,
      "y": 4,
      "z": 5,
      "glyph": "❄️",
      "archived_at": "2025-04-17T14:18:19.552526"
    },
    {
      "x": 0,
      "y": 5,
      "z": 5,
      "glyph": "✴️",
      "archived_at": "2025-04-17T14:18:19.552529"
    },
    {
      "x": 1,
      "y": 5,
      "z": 5,
      "glyph": "⬛",
      "archived_at": "2025-04-17T14:18:19.552549"
    },
    {
      "x": 2,
      "y": 5,
      "z": 5,
      "glyph": "✴️",
      "archived_at": "2025-04-17T14:18:19.552553"
    },
    {
      "x": 3,
      "y": 5,
      "z": 5,
      "glyph": "⬛",
      "archived_at": "2025-04-17T14:18:19.552556"
    },
    {
      "x": 4,
      "y": 5,
      "z": 5,
      "glyph": "✴️",
      "archived_at": "2025-04-17T14:18:19.552558"
    },
    {
      "x": 5,
      "y": 5,
      "z": 5,
      "glyph": "⬛",
      "archived_at": "2025-04-17T14:18:19.552561"
    },
    {
      "x": 0,
      "y": 0,
      "z": 6,
      "glyph": "⬛",
      "archived_at": "2025-04-17T14:18:19.552563"
    },
    {
      "x": 1,
      "y": 0,
      "z": 6,
      "glyph": "✴️",
      "archived_at": "2025-04-17T14:18:19.552565"
    },
    {
      "x": 2,
      "y": 0,
      "z": 6,
      "glyph": "⬛",
      "archived_at": "2025-04-17T14:18:19.552568"
    },
    {
      "x": 3,
      "y": 0,
      "z": 6,
      "glyph": "✴️",
      "archived_at": "2025-04-17T14:18:19.552570"
    },
    {
      "x": 4,
      "y": 0,
      "z": 6,
      "glyph": "⬛",
      "archived_at": "2025-04-17T14:18:19.552573"
    },
    {
      "x": 5,
      "y": 0,
      "z": 6,
      "glyph": "✴️",
      "archived_at": "2025-04-17T14:18:19.552575"
    },
    {
      "x": 0,
      "y": 1,
      "z": 6,
      "glyph": "❄️",
      "archived_at": "2025-04-17T14:18:19.552578"
    },
    {
      "x": 1,
      "y": 1,
      "z": 6,
      "glyph": "☀️",
      "archived_at": "2025-04-17T14:18:19.552580"
    },
    {
      "x": 2,
      "y": 1,
      "z": 6,
      "glyph": "❄️",
      "archived_at": "2025-04-17T14:18:19.552586"
    },
    {
      "x": 3,
      "y": 1,
      "z": 6,
      "glyph": "☀️",
      "archived_at": "2025-04-17T14:18:19.552589"
    },
    {
      "x": 4,
      "y": 1,
      "z": 6,
      "glyph": "❄️",
      "archived_at": "2025-04-17T14:18:19.552591"
    },
    {
      "x": 5,
      "y": 1,
      "z": 6,
      "glyph": "☀️",
      "archived_at": "2025-04-17T14:18:19.552593"
    },
    {
      "x": 0,
      "y": 2,
      "z": 6,
      "glyph": "⬛",
      "archived_at": "2025-04-17T14:18:19.552596"
    },
    {
      "x": 1,
      "y": 2,
      "z": 6,
      "glyph": "✴️",
      "archived_at": "2025-04-17T14:18:19.552599"
    },
    {
      "x": 2,
      "y": 2,
      "z": 6,
      "glyph": "⬛",
      "archived_at": "2025-04-17T14:18:19.552601"
    },
    {
      "x": 3,
      "y": 2,
      "z": 6,
      "glyph": "✴️",
      "archived_at": "2025-04-17T14:18:19.552604"
    },
    {
      "x": 4,
      "y": 2,
      "z": 6,
      "glyph": "⬛",
      "archived_at": "2025-04-17T14:18:19.552606"
    },
    {
      "x": 5,
      "y": 2,
      "z": 6,
      "glyph": "✴️",
      "archived_at": "2025-04-17T14:18:19.552609"
    },
    {
      "x": 0,
      "y": 3,
      "z": 6,
      "glyph": "❄️",
      "archived_at": "2025-04-17T14:18:19.552611"
    },
    {
      "x": 1,
      "y": 3,
      "z": 6,
      "glyph": "☀️",
      "archived_at": "2025-04-17T14:18:19.552613"
    },
    {
      "x": 2,
      "y": 3,
      "z": 6,
      "glyph": "❄️",
      "archived_at": "2025-04-17T14:18:19.552617"
    },
    {
      "x": 3,
      "y": 3,
      "z": 6,
      "glyph": "☀️",
      "archived_at": "2025-04-17T14:18:19.552619"
    },
    {
      "x": 4,
      "y": 3,
      "z": 6,
      "glyph": "❄️",
      "archived_at": "2025-04-17T14:18:19.552621"
    },
    {
      "x": 5,
      "y": 3,
      "z": 6,
      "glyph": "☀️",
      "archived_at": "2025-04-17T14:18:19.552624"
    },
    {
      "x": 0,
      "y": 4,
      "z": 6,
      "glyph": "⬛",
      "archived_at": "2025-04-17T14:18:19.552626"
    },
    {
      "x": 1,
      "y": 4,
      "z": 6,
      "glyph": "✴️",
      "archived_at": "2025-04-17T14:18:19.552629"
    },
    {
      "x": 2,
      "y": 4,
      "z": 6,
      "glyph": "⬛",
      "archived_at": "2025-04-17T14:18:19.552631"
    },
    {
      "x": 3,
      "y": 4,
      "z": 6,
      "glyph": "✴️",
      "archived_at": "2025-04-17T14:18:19.552633"
    },
    {
      "x": 4,
      "y": 4,
      "z": 6,
      "glyph": "⬛",
      "archived_at": "2025-04-17T14:18:19.552635"
    },
    {
      "x": 5,
      "y": 4,
      "z": 6,
      "glyph": "✴️",
      "archived_at": "2025-04-17T14:18:19.552638"
    },
    {
      "x": 0,
      "y": 5,
      "z": 6,
      "glyph": "❄️",
      "archived_at": "2025-04-17T14:18:19.552640"
    },
    {
      "x": 1,
      "y": 5,
      "z": 6,
      "glyph": "☀️",
      "archived_at": "2025-04-17T14:18:19.552643"
    },
    {
      "x": 2,
      "y": 5,
      "z": 6,
      "glyph": "❄️",
      "archived_at": "2025-04-17T14:18:19.552645"
    },
    {
      "x": 3,
      "y": 5,
      "z": 6,
      "glyph": "☀️",
      "archived_at": "2025-04-17T14:18:19.552648"
    },
    {
      "x": 4,
      "y": 5,
      "z": 6,
      "glyph": "❄️",
      "archived_at": "2025-04-17T14:18:19.552650"
    },
    {
      "x": 5,
      "y": 5,
      "z": 6,
      "glyph": "☀️",
      "archived_at": "2025-04-17T14:18:19.552652"
    }
  ]
}