{
  "name": "merged_core_with_rgba_fixed",
  "format": "interpolated-RGBA",
  "map": [
    {
      "glyph": "●",
      "rgba": [
        128,
        128,
        128,
        255
      ]
    },
    {
      "glyph": "✧",
      "rgba": [
        0,
        255,
        255,
        255
      ]
    },
    {
      "glyph": "↺",
      "rgba": [
        0,
        200,
        128,
        255
      ]
    },
    {
      "glyph": "☀️",
      "rgba": [
        255,
        255,
        0,
        255
      ]
    },
    {
      "glyph": "❄️",
      "rgba": [
        120,
        160,
        255,
        255
      ]
    },
    {
      "glyph": "✴️",
      "rgba": [
        255,
        160,
        80,
        255
      ]
    },
    {
      "glyph": "🌕",
      "rgba": [
        255,
        255,
        255,
        255
      ]
    },
    {
      "glyph": "⬛",
      "rgba": [
        0,
        0,
        0,
        255
      ]
    }
  ],
  "note": "Simulovaná interpolácia pre vrstvy vedomia"
}