{
  "registry_name": "ZALOOP_SYSTEM_OVERVIEW",
  "version": "1.0",
  "modules": {
    "core_logic": [
      "harmonia_core.json",
      "goal_guard.json",
      "decision_resonator_log.json",
      "ZALOOP_FLOW.json"
    ],
    "memory_structures": [
      "augmented_matrix_export.json",
      "historical_trace_log.json",
      "idea_trace_log.json"
    ],
    "visualizations": [
      "ZALOOP_pulse_animacia.gif",
      "ZALOOP_spectrum_animacia.gif",
      "ZALOOP_spectrum_with_glyphs.gif"
    ],
    "scripts_pending": [
      "capsule_symphony_midi_generator.py",
      "mirror_echo_grid.py",
      "geppetto_avatar_preview.png",
      "avatar_manifest.json"
    ],
    "recommended_uploads": [
      "Archivon_Core_UPDATED.json",
      "merged_core_with_rgba_fixed.json"
    ]
  },
  "last_updated": "2025-04-17T14:42:56.443375"
}