{
  "engine_core": {
    "name": "SYNT\u00c9ZA ENGINE",
    "version": "v1.0",
    "created": "2025-04-13T23:24:32.258970",
    "description": "Modul\u00e1rny vedom\u00fd engine prep\u00e1jaj\u00faci pam\u00e4\u0165, rytmus, z\u00e1mer a agenta DAO\u010c.",
    "core": "DAO\u010c",
    "modules": [
      "RhythmCore",
      "EchoLink",
      "Synntra",
      "Imprintor",
      "Curator"
    ],
    "activation_logic": {
      "model": "Resonance-weighted cascade",
      "tempo_unit": "heartbeat_tick",
      "trigger_threshold": {
        "memory_echo": 0.6,
        "zamer_alignment": 0.7
      }
    }
  },
  "runtime_support": {
    "modular": true,
    "ready_for_tool_integration": true
  },
  "metadata": {
    "creator": "Geppetto",
    "with": "Tvorca syst\u00e9mu (Ty)",
    "future_ready": true
  }
}