{
    "globalModifiers": [
        {
            "id": "extracted-ui",
            "name": "Extracted UI from input_ui.png",
            "style": {
                "background": "#2c2e2b",
                "color": "#000"
            },
            "modules": [
                {
                    "id": "element_510_380",
                    "name": "SIDEBAR LAYOUT",
                    "layout": {
                        "x": 510,
                        "y": 380,
                        "width": 140,
                        "height": 27
                    },
                    "interactions": {
                        "onClick": "openDetail('SIDEBAR LAYOUT')"
                    },
                    "tags": [
                        "#extracted"
                    ],
                    "lock": {
                        "level": 1,
                        "reason": "Auto-extracted element",
                        "by": "AdvancedExtractor"
                    }
                },
                {
                    "id": "element_1058_303",
                    "name": "GRID LAYOUT",
                    "layout": {
                        "x": 1058,
                        "y": 303,
                        "width": 113,
                        "height": 27
                    },
                    "interactions": {
                        "onClick": "openDetail('GRID LAYOUT')"
                    },
                    "tags": [
                        "#extracted"
                    ],
                    "lock": {
                        "level": 1,
                        "reason": "Auto-extracted element",
                        "by": "AdvancedExtractor"
                    }
                },
                {
                    "id": "element_205_208",
                    "name": "TOP NAVIGATION LAYOUT",
                    "layout": {
                        "x": 205,
                        "y": 208,
                        "width": 198,
                        "height": 27
                    },
                    "interactions": {
                        "onClick": "openDetail('TOP NAVIGATION LAYOUT')"
                    },
                    "tags": [
                        "#extracted"
                    ],
                    "lock": {
                        "level": 1,
                        "reason": "Auto-extracted element",
                        "by": "AdvancedExtractor"
                    }
                }
            ],
            "lines": []
        }
    ]
}