{
    "globalModifiers": [
        {
            "id": "extracted-ui",
            "name": "Extracted UI from input_ui.png",
            "style": {
                "background": "#6e5b55",
                "color": "#000"
            },
            "modules": [
                {
                    "id": "element_391_1803",
                    "name": "N/A",
                    "type": "ui-element",
                    "layout": {
                        "x": 391,
                        "y": 1803,
                        "width": 57,
                        "height": 105
                    },
                    "interactions": {
                        "onClick": "openDetail('N/A')"
                    },
                    "tags": [
                        "#extracted"
                    ],
                    "lock": {
                        "level": 1,
                        "reason": "Auto-extracted element",
                        "by": "AdvancedExtractor"
                    }
                },
                {
                    "id": "element_3627_1472",
                    "name": "N/A",
                    "type": "ui-element",
                    "layout": {
                        "x": 3627,
                        "y": 1472,
                        "width": 63,
                        "height": 25
                    },
                    "interactions": {
                        "onClick": "openDetail('N/A')"
                    },
                    "tags": [
                        "#extracted"
                    ],
                    "lock": {
                        "level": 1,
                        "reason": "Auto-extracted element",
                        "by": "AdvancedExtractor"
                    }
                },
                {
                    "id": "element_1711_876",
                    "name": "N/A",
                    "type": "ui-element",
                    "layout": {
                        "x": 1711,
                        "y": 876,
                        "width": 73,
                        "height": 64
                    },
                    "interactions": {
                        "onClick": "openDetail('N/A')"
                    },
                    "tags": [
                        "#extracted"
                    ],
                    "lock": {
                        "level": 1,
                        "reason": "Auto-extracted element",
                        "by": "AdvancedExtractor"
                    }
                },
                {
                    "id": "element_1604_775",
                    "name": "N/A",
                    "type": "ui-element",
                    "layout": {
                        "x": 1604,
                        "y": 775,
                        "width": 63,
                        "height": 44
                    },
                    "interactions": {
                        "onClick": "openDetail('N/A')"
                    },
                    "tags": [
                        "#extracted"
                    ],
                    "lock": {
                        "level": 1,
                        "reason": "Auto-extracted element",
                        "by": "AdvancedExtractor"
                    }
                },
                {
                    "id": "element_431_756",
                    "name": "N/A",
                    "type": "ui-element",
                    "layout": {
                        "x": 431,
                        "y": 756,
                        "width": 68,
                        "height": 80
                    },
                    "interactions": {
                        "onClick": "openDetail('N/A')"
                    },
                    "tags": [
                        "#extracted"
                    ],
                    "lock": {
                        "level": 1,
                        "reason": "Auto-extracted element",
                        "by": "AdvancedExtractor"
                    }
                },
                {
                    "id": "element_751_669",
                    "name": "N/A",
                    "type": "ui-element",
                    "layout": {
                        "x": 751,
                        "y": 669,
                        "width": 100,
                        "height": 33
                    },
                    "interactions": {
                        "onClick": "openDetail('N/A')"
                    },
                    "tags": [
                        "#extracted"
                    ],
                    "lock": {
                        "level": 1,
                        "reason": "Auto-extracted element",
                        "by": "AdvancedExtractor"
                    }
                },
                {
                    "id": "element_31_655",
                    "name": "N/A",
                    "type": "ui-element",
                    "layout": {
                        "x": 31,
                        "y": 655,
                        "width": 232,
                        "height": 313
                    },
                    "interactions": {
                        "onClick": "openDetail('N/A')"
                    },
                    "tags": [
                        "#extracted"
                    ],
                    "lock": {
                        "level": 1,
                        "reason": "Auto-extracted element",
                        "by": "AdvancedExtractor"
                    }
                },
                {
                    "id": "element_1570_653",
                    "name": "N/A",
                    "type": "ui-element",
                    "layout": {
                        "x": 1570,
                        "y": 653,
                        "width": 415,
                        "height": 219
                    },
                    "interactions": {
                        "onClick": "openDetail('N/A')"
                    },
                    "tags": [
                        "#extracted"
                    ],
                    "lock": {
                        "level": 1,
                        "reason": "Auto-extracted element",
                        "by": "AdvancedExtractor"
                    }
                },
                {
                    "id": "element_298_442",
                    "name": "N/A",
                    "type": "ui-element",
                    "layout": {
                        "x": 298,
                        "y": 442,
                        "width": 562,
                        "height": 428
                    },
                    "interactions": {
                        "onClick": "openDetail('N/A')"
                    },
                    "tags": [
                        "#extracted"
                    ],
                    "lock": {
                        "level": 1,
                        "reason": "Auto-extracted element",
                        "by": "AdvancedExtractor"
                    }
                },
                {
                    "id": "element_1116_388",
                    "name": "N/A",
                    "type": "ui-element",
                    "layout": {
                        "x": 1116,
                        "y": 388,
                        "width": 1508,
                        "height": 485
                    },
                    "interactions": {
                        "onClick": "openDetail('N/A')"
                    },
                    "tags": [
                        "#extracted"
                    ],
                    "lock": {
                        "level": 1,
                        "reason": "Auto-extracted element",
                        "by": "AdvancedExtractor"
                    }
                },
                {
                    "id": "element_0_0",
                    "name": "B v Store News FAQ Help About Epic v\n\n—\nAA\n\nee ee ee\n\n.\n2 \\ EXPLORE\n\nCookie Policy x 4 ”_ a\n| < i vor, a By clicking “Accept All”, you agree to the storing of cookies on your\n« Gee device to enhance site navigation, analyze site usage, and personalize ‘.\n: it content. Privacy Policy ‘\n\nP 4 Accept All Reject All Cookies Settings sal o",
                    "type": "ui-element",
                    "layout": {
                        "x": 0,
                        "y": 0,
                        "width": 3789,
                        "height": 1908
                    },
                    "interactions": {
                        "onClick": "openDetail('B v Store News FAQ Help About Epic v\n\n—\nAA\n\nee ee ee\n\n.\n2 \\ EXPLORE\n\nCookie Policy x 4 ”_ a\n| < i vor, a By clicking “Accept All”, you agree to the storing of cookies on your\n« Gee device to enhance site navigation, analyze site usage, and personalize ‘.\n: it content. Privacy Policy ‘\n\nP 4 Accept All Reject All Cookies Settings sal o')"
                    },
                    "tags": [
                        "#extracted"
                    ],
                    "lock": {
                        "level": 1,
                        "reason": "Auto-extracted element",
                        "by": "AdvancedExtractor"
                    }
                }
            ]
        }
    ]
}