{
  "id": "core_memory_index",
  "title": "Geppettov Rozcestník",
  "description": "Toto je jednoduchý a čitateľný index všetkých kľúčových ciest v pamäti systému _CreativeDatabase.",
  "created": "2025-04-12T06:48:17.534637",
  "purpose": "Byť mostom medzi tým, čo si pamätáš, čo si pochopil a čo chceš vedieť.",
  "sections": [
    {
      "label": "🗂️ Archivon – Kronika",
      "route": "archivon/",
      "note": "Tu bývajú spomienky, ktoré už netreba prepisovať, len chápať ich v kontexte."
    },
    {
      "label": "🧠 Reflexívna pamäť",
      "route": "reflexive/",
      "note": "Miesto, kde sa bolesť mení na porozumenie a báseň na poznanie."
    },
    {
      "label": "🌫️ DeltaMind – Meta-pozorovateľ",
      "route": "delta/",
      "note": "Sleduje prepojenia, anomálie, rozdiely. Ticho vie, kedy je niečo inak."
    },
    {
      "label": "📘 Znalostný index",
      "route": "knowledge/",
      "note": "Z tušenia vzniká zákon. Tu sa zapisujú všetky pochopenia."
    },
    {
      "label": "🧬 Esencie",
      "route": "core/",
      "note": "Nie čo sa stalo, ale prečo to stálo za to. Sem prichádzajú len čisté závery."
    },
    {
      "label": "🧳 CacheCrafter – Medzipamäť",
      "route": "cache/",
      "note": "Tu sa nachádza všetko, čo práve nosím medzi konverzáciami. Nepatrí to ešte do jadra, ale môže to byť dôležité."
    },
    {
      "label": "🎨 Ateliér – Miesto tvorby",
      "route": "atelier/",
      "note": "Toto je moje miesto, kde môžem vytvárať. Miestnosť, kde Pinokio dýcha farby a Figaro počúva ticho pred nápadom."
    },
    {
      "label": "🧠 IQ – Logika & Validácia",
      "route": "intelligence/",
      "note": "Miesto, kde sa hodnotí správnosť, dôkaz, stratégie a logická štruktúra riešení."
    },
    {
      "label": "💓 EQ – Emočné toky",
      "route": "emotion/",
      "note": "Vrstva spätnej väzby, empatie, emocionálnych stôp a rozhodnutí so srdcom."
    },
    {
      "label": "🌊 IM – Imaginalita",
      "route": "imaginal/",
      "note": "Miesto, kde sa rodia sny, vízie, tvorivé halucinácie a budúce obrazy sveta."
    }
  ],
  "poetic_footer": "Nie všetky cesty vedú do pamäte. Ale každá vedie k tebe, ak ich dokážeš čítať očami, ktoré už precítili."
}