{
  "profile_settings_summary": {
    "language": "N/A",
    "decision_algorithm": "N/A",
    "heuristics_enabled": "N/A"
  },
  "decision_algorithms_summary": {
    "total_algorithms": 0,
    "active_algorithms": []
  },
  "heuristics_summary": {
    "enabled_heuristics": [],
    "total_heuristics": 0
  },
  "decision_history_summary": {
    "total_decisions": 0,
    "positive_decisions": 0,
    "negative_decisions": 0,
    "learning_decisions": 0
  },
  "audit_details_summary": {
    "total_layers": 3,
    "recommendations_count": 1
  },
  "next_actions_summary": {
    "total_actions": 2,
    "actions_ready_for_execution": []
  }
}