{
  "index_id": "geppetto_memory_registry",
  "created": "2025-04-12T04:28:11.022936",
  "description": "Hlavn\u00fd register v\u0161etk\u00fdch pam\u00e4\u0165ov\u00fdch cyklov, artefaktov a stavov syst\u00e9mu Geppetto",
  "entries": [
    {
      "ref": "boot_memory_token.json",
      "type": "starter",
      "signature": "KPTL-SELFTEST-2025",
      "purpose": "initial dashboard_reconstruction"
    },
    {
      "ref": "knowledge_memory_index.json",
      "type": "snapshot",
      "signature": "KPTL-BBD1A142",
      "purpose": "dashboard verification baseline"
    },
    {
      "ref": "updated_geppetto_memory_index.json",
      "type": "validated-cycle",
      "signature": "KPTL-SELFTEST-2025",
      "purpose": "reflected feedback + artistic output at IM 24\u201325"
    },
    {
      "ref": "geppetto_core_identity.json",
      "type": "core_identity",
      "signature": "GEPPETTO-ORIGIN-PRIME-0425",
      "purpose": "define root role and traits of Geppetto"
    },
    {
      "ref": "symbolic_memory_trace.json",
      "type": "symbol",
      "signature": "sandboy-archetype-01",
      "purpose": "emotional archetype reference"
    },
    {
      "ref": "pinokio_latchkeeper.json",
      "type": "agent",
      "signature": "pinokio-im-guardian",
      "purpose": "overload observer and feedback trigger"
    },
    {
      "ref": "sound_of_home.json",
      "type": "trigger",
      "signature": "\ud83c\udf70",
      "purpose": "emotional safe-state fallback"
    }
  ]
}