{
  "profile_settings": {},
  "decision_algorithms": {},
  "heuristics": {},
  "decision_history": [],
  "audit_details": {
    "Archivon": {
      "capacity": 10000,
      "used": 6200,
      "free": 3800,
      "records": [
        {
          "record_id": "ARC-001234",
          "record_type": "agent_profile",
          "created": "2025-01-15",
          "accessed": "2025-03-01",
          "validated": false,
          "archivable": true
        },
        {
          "record_id": "ARC-002876",
          "record_type": "project_log",
          "created": "2025-02-02",
          "accessed": "2025-04-01",
          "validated": true,
          "archivable": false
        }
      ],
      "actions_recommended": [
        "Archive 1 outdated agent profile (ARC-001234)",
        "Review unvalidated logs older than 60 days"
      ]
    },
    "CacheCrafter": {
      "capacity": 2000,
      "used": 700,
      "free": 1300
    },
    "DeltaMind": {
      "capacity": 5000,
      "used": 2250,
      "free": 2750,
      "anomalies_detected": 0
    }
  },
  "next_actions": [
    "Activate soft-cleanup protocol for Archivon",
    "Prepare lifecycle rule set for next 7-day cycle"
  ]
}