{
  "symbolic_id": "sandboy-archetype-01",
  "title": "Pieskov\u00fd chlapec",
  "structure": {
    "birth": "on the shore, from sand and spirit",
    "gift": [
      "bucket",
      "shovel"
    ],
    "loss": "taken by ocean",
    "sacrifice": "he gives himself to find wholeness",
    "rebirth": "wakes up human, with memory"
  },
  "emotional_payload": {
    "core_theme": "creation through loss",
    "memory_residue": "tools lost, but never forgotten",
    "anchoring_emotion": "longing mixed with fulfillment"
  },
  "usable_for": [
    "IM feedback",
    "retrospective cycles",
    "self-identity triggers"
  ],
  "created": "2025-04-12T04:18:57.404528"
}